Team,Player,League,Goalie (Don't Worry About this),Where Player Shot From on Ice,Where the shot went on goal,What move they made,Goal,Date
Crunch,Katchouk,NHL,Mackenzie Blackwood,"Faked from Left Slot, cut across to low right",Tucked into bottom right,"Fake shot, backhand deke",Yes,1/16/2024
Crunch,Katchouk,AHL,Clay Stevenson,"Faked from Left Slot, cut across to low right",WHIFFED on a tuck into bottom right,"Fake shot, backhand deke",No,3/12/2025
Crunch,Katchouk,AHL,Justus Annunen,"Fake Shot Left Slot, cut across low right",Tucked into bottom right,"Fake shot, backhand deke",Yes,9/23/2025
Crunch,D'Astous,SHL,Maxime Lagace,Gliding from left circle to middle slot,Low right pad,Simple low wrist shot,No,10/1/2024
Crunch,Groshev,AHL,Jet Greaves,Right slot,5-hole,Backhand shot,Yes,12/7/2024
Crunch,Groshev,AHL,Devon Levi,Gliding from right circle to middle slot,Top left over blocker,Quick forehand-backhand-forehand,Yes,3/1/2025
Crunch,Groshev,AHL,Matt Murray,Right slot,5-hole SAVED,Backhand shot ,No,4/5/2025
Crunch,Szturc,AHL,Matt Murray,"Middle slot, drifting left to right",5-hole,"Fake forehand, backhand 5-hole slide",Yes,4/5/2025
Crunch,Szturc,AHL,Devon Levi,Middle slot,Middle low (attempted 5-hole),Shimmy,No,3/1/2025
Crunch,Szturc,AHL,Jet Greaves,"Middle slot, drifting left to right",Middle chest,Forehand shot,No,12/7/2024
Crunch,Abruzzese,AHL,Dominic DiVincentiis,Left middle Slot,Middle right glove side,Toe and drag,Yes,3/1/2025
Crunch,Abruzzese,AHL,Brandon Halverson,Middle slot,5 hole SAVED,Forehand shot,No,4/5/2025
Crunch,Abruzzese,AHL,Leevi Merilainen,Low middle slot,5 hole SAVED,"Fake shot + leg kick, forehand slide on ice",No,3/29/2025
Crunch,Stachowiak,DEL,Joseph Cannata,,,,NO,10/22/2023
Crunch,Stachowiak,DEL,Dustin Stalheimer,Low middle slot (Per german news sources),,,YES,11/29/2022
Crunch,Stachowiak,DEL,Dustin Stalheimer,Low middle slot (Per german news sources),,,YES,11/29/2022
Crunch,Geekie,AHL,Devon Levi,Left Slot,Middle Glove Side,"No Move, Just Shot the Puck",Yes,
Crunch,Geekie,AHL,Matt Murray,Left Slot,Middle Glove Side,"No Move, Just Shot the Puck",No,
Crunch,Pelletier,QMHL,,Middle Slot ,5-Hole  ,Fake Shot,Yes,
Crunch,Pelletier,AHL,Spencer Martin,Lower Middle Slot,Blocker Side,Just Waited for Goalie to move with him,Yes,12/13/2025
Crunch,Geekie,AHL,Kaapo Kähkönen,Left Middle Slot,Middle right glove side,"No Move, Just Shot the Puck",Yes,12/27/2025
Crunch,Stachowiak,AHL,Kaapo Kähkönen,Middle Slot,Top Right Glove Side,Fake Shot Moved the Goalie Left,Yes,12/27/2025
Crunch,Pelletier,AHL,Kaapo Kähkönen,Middle Slot,5-Hole,"No Move, Just Shot the Puck",No,12/27/2025
Rockets,Davidson,AHL,Brandon Halverson,Left Slot,5-Hole,"No Move, Just Shot the Puck",No,12/27/2025
Rockets,Belzile,AHL,Brandon Halverson,Middle Lower Slot,5-Hole,"Fake Shot, Backhand Deke",Yes,12/27/2025
Rockets,Roy,AHL,Brandon Halverson,Middle Slot,Middle Blocker Side,"No Move, Just Shot the Puck",Yes,12/27/2025
Rockets,Farrell,AHL,Brandon Halverson,Right Slot,5-Hole,"No Move, Just Shot the Puck",Yes,12/27/2025
Crunch,Geekie,AHL,Devon Levi,Left Slot,Middle Right Glove,"No Move, Just Shot the Puck",No,1/19/2026
Crunch,Abruzzese,AHL,Devon Levi,Left Slot,Middle Right Glove,"No Move, Just Shot the Puck",No,1/19/2026
Crunch,Groshev,AHL,Devon Levi,Middle Slot,Middle Left Blocker Side,"Forehand Backhand Deke, Shot the Puck",Yes,1/19/2026
Americans,Rosen,AHL,Ryan Fanti,Right Slot,Top Right Glove,"No Move, Just Shot the Puck",No,1/19/2026
Americans,Meyer,AHL,Ryan Fanti,Right Slot,Top Right Glove (Missed Net High),"No Move, Just Shot the Puck",No,1/19/2026
Americans,Neuchev,AHL,Ryan Fanti,Right to Middle Slot,5-Hole/Glove Side(Lost Puck),"Fake Shot, Backhand Forehand Deke",No,1/19/2026
Rockets,Beck,AHL,Brandon Halverson,Lower Left Slot,Low Blocker Side,"Forehand Backhand Deke, Shot the Puck",No,1/30/2026
Thunderbirds,Buchinger,AHL,Brandon Halverson,Right Slot,Middle Blocker Side (Puck Hit Blocker),"No Move, Just Shot the Puck",Yes,2/4/2026
Crunch,Gauthier,AHL,Kirill Gerasimyuk,Left Slot,Low Glove Side (Puck Hit Pad), "No Move, Just Shot the Puck",No,2/21/2026
Rockets,Blais,AHL,Brandon Halverson,Lower Middle Slot,Top Glove Side (Puck Hit Crossbar),Fake Slapshot Into A Quick Snapshot,No,3/14/2026
Crunch,Chaffee,AHL,Kaapo Kähkönen,Low Middle Slot (2ft Outside of the Crease),Top Glove Side,"Fake Shot, Backhand Forehand Deke",No,3/14/2026
Crunch,Geekie,AHL,Kaapo Kähkönen,Middle Left Slot,Middle Glove Side,"No Move, Just Shot the Puck",No,3/14/2026
Rockets,Belzile,AHL,Brandon Halverson,Lower Right Slot,Top Left (Open Net),"Fake Shot, Halverson Missed Pokecheck, Went Right and Shot into Open Net",Yes,3/14/2026
Rockets,Farrell,AHL,Brandon Halverson,Lower Middle Slot,High Glove Side,"No Move, Just Shot the Puck",Yes,3/14/2026
Crunch,Chaffee,AHL,Zach Sawchenko,Middle Slot,High Glove Side,"No Move, Just Shot the Puck",Yes,3/22/2026
Americans,Nadeau,AHL,Brandon Halverson,Left Slot, Middle Blocker Side,"No Move, Just Shot the Puck",Yes,3/29/2026
Americans,Helenius,AHL,Brandon Halverson,Left Side Crease,Top Right (moderately Open Net),"Fake Shot, Moved to Backhand for Shot",Yes,3/29/2026
Americans,Leschyshyn,AHL,Ryan Fanti,Right Side Crease,Middle Right,Backhand Deke,No,3/28/2026
Crunch,Peca,AHL,Scott Ratzlaff,Right Side Crease,5-Hole,Forehand to Backhand Deke,No,3/28/2026
Crunch,Groshev,AHL,Devon Levi,Lower Right Slot,Glove Side (Backhand Shot),"No Move, Just Shot the Puck",No,3/29/2026
Crunch,Pelletier,AHL,Devon Levi,Middle Slot,High Blocker Side (Hit Crossbar),"No Move, Just Shot the Puck",No,3/29/2026
Crunch,Duke,AHL,Will Cranley,Lower Right Crease,Middle Clove Side (Missed the Net),"Fake Shot, Backhand Deke",No,4/4/2026
Crunch,Groshev,AHL,Will Cranley,Middle Slot,"Lost Puck (Aiming Blocker Side)","No Move, Lost the Puck on Shot Attempt",No,4/4/2026
Thunderbirds,Bordeleau,AHL,Brandon Halverson,Middle Slot,Poke Checked Away (Aiming Glove Side after Deke),"Forehand, Backhand Deke",No,4/4/2026
Crunch,Abruzzese,AHL,Will Cranley,Right Crease,,,No,4/4/2026
Thunderbirds,Dean,AHL,Brandon Halverson,Middle Slot,High Glove Side,"No Move, Just Shot the Puck",No,4/4/2026
Crunch,Peca,AHL,Will Cranley,Right Slot,Blocker Side,"No Move, Just Shot the Puck",No,4/4/2026
Thunderbirds,Thomas,AHL,Brandon Halverson,Left Slot,5-Hole,"No Move, Just Shot the Puck",Yes,4/4/2026
Thunderbirds,Kaskimaki,AHL,Brandon Halverson,Left Slot,High Glove Side,"No Move, Just Shot the Puck",No,4/4/2026









